<?xml version="1.0" encoding="UTF-8"?>
<project-private xmlns="http://www.netbeans.org/ns/project-private/1">
    <editor-bookmarks xmlns="http://www.netbeans.org/ns/editor-bookmarks/2" lastBookmarkId="0"/>
    <open-files xmlns="http://www.netbeans.org/ns/projectui-open-files/2">
        <group>
            <file>file:/C:/Users/p14s/OneDrive/Documents/NetBeansProjects/PRJ301_SUMMER2025_A42/src/java/model/Department.java</file>
            <file>file:/C:/Users/p14s/OneDrive/Documents/NetBeansProjects/PRJ301_SUMMER2025_A42/src/java/controller/rfl/ListController.java</file>
            <file>file:/C:/Users/p14s/OneDrive/Documents/NetBeansProjects/PRJ301_SUMMER2025_A42/src/java/model/Account.java</file>
            <file>file:/C:/Users/p14s/OneDrive/Documents/NetBeansProjects/PRJ301_SUMMER2025_A42/src/java/dal/RequestForLeaveDBContext.java</file>
            <file>file:/C:/Users/p14s/OneDrive/Documents/NetBeansProjects/PRJ301_SUMMER2025_A42/src/java/model/RequestForLeave.java</file>
            <file>file:/C:/Users/p14s/OneDrive/Documents/NetBeansProjects/PRJ301_SUMMER2025_A42/web/view/rfl/list.jsp</file>
            <file>file:/C:/Users/p14s/OneDrive/Documents/NetBeansProjects/PRJ301_SUMMER2025_A42/src/java/model/Employee.java</file>
            <file>file:/C:/Users/p14s/OneDrive/Documents/NetBeansProjects/PRJ301_SUMMER2025_A42/src/java/dal/DBContext.java</file>
        </group>
    </open-files>
</project-private>
